id,date,name,type,description,elapsed_time,distance,commute,gear,filename
342677465,25/06/2015 11:18,06/25/2015 Bow Brickhill lunch repeats x3,Ride,,3012,12148.1,FALSE,,activities/388102154.fit.gz
342677469,11/06/2015 16:50,06/11/2015 OU Club social ride,Ride,,7015,47416.2,FALSE,,activities/388102146.fit.gz
342677473,16/05/2015 09:01,"05/16/2015 Pedal of Honour, United Kingdom",Ride,,21573,84012.9,FALSE,,activities/388102140.fit.gz
342677481,09/07/2015 16:34,07/09/2015 OU Club social ride,Ride,,6524,40352.6,FALSE,,activities/388102171.fit.gz
349783693,19/07/2015 12:01,07/19/2015 To Lee Valley White Water Centre,Ride,,3944,24230.5,FALSE,,activities/396253727.fit.gz
349783711,19/07/2015 13:40,07/19/2015 From Lee Valley White Water Centre,Ride,Garmin crashed 2/3 of the way back.,2876,16500.4,FALSE,,activities/396253740.fit.gz
351458234,22/07/2015 07:37,07/22/2015 Garage to work,Ride,,817,4664.6,FALSE,,activities/398140336.fit.gz
351515197,22/07/2015 11:08,07/22/2015 BCTP Beg. wk 1 - ride with Ben,Ride,"1 hour ride, aiming for cadence 80+ and HR zones 1&2 (roughly <165 bpm?)",3320,23967.7,FALSE,,activities/398199406.fit.gz
353564233,22/07/2015 15:59,07/22/2015 Garage to OU,Ride,,693,3745.2,FALSE,,activities/400330759.fit.gz
353564275,25/07/2015 08:31,07/25/2015 BCTP wk 1 Threshold test - 177 bpm,Ride,"20 min warm up
30 min hard (calculate bpm average for last 20 min)
10 min cooldown then return to berkhamstead",4442,30118.7,FALSE,,activities/400330769.fit.gz
354282375,26/07/2015 08:17,07/26/2015 BCTP wk 1 Sunday ride,Ride,Wet wet wet. Supposed to be HR zones 1 & 2 but think I was pushing more than that...,5868,35750.5,FALSE,,activities/401083020.fit.gz
356659806,29/07/2015 14:35,07/29/2015 Olney BCTP Wk 2 - mid week ride,Ride,,5173,37015.9,FALSE,,activities/403558246.fit.gz
358480063,01/08/2015 07:25,08/01/2015 BCTP wk 2 Saturday ride to Elstree,Ride,,4160,24779.3,FALSE,,activities/405465784.fit.gz
359270656,02/08/2015 07:50,08/02/2015 BCTP wk 2 Sunday ride to Trent Park,Ride,,4974,33131.3,FALSE,,activities/406301486.fit.gz
361720770,05/08/2015 11:10,08/05/2015 BCTP wk 3 - midweek ride from OU,Ride,,3247,24286.6,FALSE,,activities/408933199.fit.gz
362707868,06/08/2015 16:32,08/06/2015 OUCC Social ride - Lidlington,Ride,"Sunny, comfortable, sat mid-group",6248,44152.5,FALSE,,activities/409994443.fit.gz
364676163,08/08/2015 16:19,08/08/2015 San Diego chilled Saturday ride w/ ADH,Ride,"Garmin ran out of battery, was a steady casual ride, warm, stopped for yoga session on the way out. Hired Giant Defy 3 from The Bike Revolution (6th street)",22815,57350.7,FALSE,,activities/412126368.fit.gz
367724249,12/08/2015 23:48,08/12/2015 San Diego to Point Loma and back,Ride,Garmin lost tracking :/,2645,10523.4,FALSE,,activities/415472452.fit.gz
368418813,13/08/2015 17:40,08/13/2015 San Diego to Coronado,Ride,,5942,30003.7,FALSE,,activities/416197306.fit.gz
368418855,13/08/2015 20:15,08/13/2015 Coronado back to San Diego,Ride,,5353,32405.7,FALSE,,activities/416197387.fit.gz
369035193,14/08/2015 14:14,"08/14/2015 San Diego, California",Ride,"To Torres Pines, via Mount Soledad there and back.",23744,67856.9,FALSE,,activities/416837220.fit.gz
371299679,15/08/2015 14:37,08/15/2015 San Diego short ride to Balboa Park,Ride,,6667,17679.5,FALSE,,activities/419214178.fit.gz
377033607,23/08/2015 17:29,To Hampstead for dinner,Ride,,783,3570.3,FALSE,,activities/425218017.fit.gz
377038083,23/08/2015 19:04,Evening Ride,Ride,,93,490.5,FALSE,,activities/425222623.fit.gz
377038292,25/08/2015 11:19,Midweek BCTP ride,Ride,"On my own, windy, but well rested.",3444,24646.5,FALSE,,activities/425222834.fit.gz
377948532,26/08/2015 15:55,Woburn loop up Bow Brickhill,Ride,"Afternoon ride, backwards normal loop",3435,24345.4,FALSE,,activities/426164629.fit.gz
379446651,28/08/2015 16:18,Afternoon Ride,Ride,,3267,24302.1,FALSE,,activities/427752175.fit.gz
382644946,01/09/2015 17:01,Evening Ride,Ride,,3317,24428.8,FALSE,,activities/431124507.fit.gz
384804758,04/09/2015 16:08,Fri Afternoon ride,Ride,Tested new 1 hour route,3633,27048.3,FALSE,,activities/433365420.fit.gz
386135877,06/09/2015 11:36,Sunday lunchtime loop into London,Ride,Eugh traffic and traffic lights...,4476,24203.8,FALSE,,activities/434757217.fit.gz
387087194,07/09/2015 16:29,Afternoon Ride,Ride,,3655,28338.8,FALSE,,activities/435752546.fit.gz
389329081,10/09/2015 16:47,OUCC social ride - Potsgrove,Ride,,5071,36587.1,FALSE,,activities/438073486.fit.gz
389955364,11/09/2015 16:16,Afternoon Ride,Ride,,3435,26816.9,FALSE,,activities/438723029.fit.gz
391417407,13/09/2015 14:04,Chilled recovery ride with C,Ride,,3475,20751.9,FALSE,,activities/440246807.fit.gz
394071616,17/09/2015 11:16,OUCC lunch ride - Lidlington,Ride,Hanging on at the back behind the lunch-time riders.,5066,37569.9,FALSE,,activities/442989755.fit.gz
397166572,21/09/2015 09:42,Newquay to Lands End,Ride,"Turns out Cornwall is hilly.
SW ride into a SW wind...",12140,72010.4,FALSE,,activities/446258027.fit.gz
398526895,23/09/2015 09:34,Newquay to Port Isaac via Padstow,Ride,Ascending-descending practice!,7750,47023.2,FALSE,,activities/447659108.fit.gz
399847958,25/09/2015 12:48,Hampstead jog with C,Run,,2072,4758.5,FALSE,,activities/399847958.gpx
400618060,26/09/2015 14:32,To Hampstead,Ride,,901,4575.9,FALSE,,activities/400618060.gpx
400696262,26/09/2015 17:12,From Hampstead,Ride,,1044,4938.3,FALSE,,activities/400696262.gpx
401330134,27/09/2015 11:31,To Lee Valley and back,Ride,HR monitor issues,8645,46645.9,FALSE,,activities/450561630.fit.gz
404224426,01/10/2015 16:20,Afternoon Ride,Ride,,4251,32206.5,FALSE,,activities/453545202.fit.gz
404681904,02/10/2015 11:16,Lunch Ride,Ride,,3964,30289.4,FALSE,,activities/454016727.fit.gz
405207201,03/10/2015 08:30,Pre-breakfast Berko recovery,Ride,,3347,21275.9,FALSE,,activities/454559875.fit.gz
406332153,04/10/2015 16:20,"Zwift - Richmond, VA 10/04/2015",VirtualRide,"Zwift test lap lessons learned
- have a drink handy
- have fan much closer
- sort out consistency of heart rate monitor",2311,18051.8,FALSE,,activities/455737839.fit.gz
407697701,06/10/2015 18:51,"Zwift - Richmond - low cadence, high gear",VirtualRide,,4518,33064.1,FALSE,,activities/457149194.fit.gz
409034272,08/10/2015 18:59,Zwift - Watopia 10/08/2015,VirtualRide,,4221,28254.1,FALSE,,activities/458528871.fit.gz
409391240,09/10/2015 11:23,Lunch Ride,Ride,,3662,28094.7,FALSE,,activities/458898569.fit.gz
411513227,12/10/2015 11:16,Lunchtime peleton - reverse Cranfield loop,Ride,"Heart rate monitor fail
Martin got a puncture",5347,32294.6,FALSE,,activities/461112002.fit.gz
412160940,13/10/2015 11:16,OUCC steady Ridgemont,Ride,,4304,29366.2,FALSE,,activities/461780713.fit.gz
413698825,15/10/2015 18:16,Zwift - Watopia 10/15/2015,VirtualRide,">300W on the main hill
All out on sprint
<200W recovery",4362,38001.8,FALSE,,activities/463365662.fit.gz
414058672,16/10/2015 11:22,Milton Bryan - Ridgemont w/ Ben and Martin,Ride,,4421,33216.9,FALSE,,activities/463738872.fit.gz
415655699,18/10/2015 09:43,Out to Lee Valley to watch some Canoe Polo!,Ride,,3591,24387.5,FALSE,,activities/465401497.fit.gz
415655759,18/10/2015 15:57,Return from Lee Valley,Ride,,4463,27573.3,FALSE,,activities/465401559.fit.gz
416691761,20/10/2015 11:21,Short Bow Brickhill w/ Hoa,Ride,,2790,19298.2,FALSE,,activities/466473959.fit.gz
418224462,22/10/2015 18:18,Zwift - Watopia intervals,VirtualRide,"Full effort sprints, >300 W main hill",4234,37688.7,FALSE,,activities/468056994.fit.gz
418568752,23/10/2015 11:16,OUCC Ridgmont,Ride,Went for Monster PR - nailed it.,3855,29402.7,FALSE,,activities/468414907.fit.gz
420238074,25/10/2015 15:51,Zwift - Richmond - Watching the rugby at 70 rpm,VirtualRide,,7719,63119.3,FALSE,,activities/470162922.fit.gz
420690747,26/10/2015 12:20,OUCC gentle Cranfield,Ride,,4158,32202.7,FALSE,,activities/470635889.fit.gz
421275240,27/10/2015 12:20,OUCC Ridgmont w/ guest ,Ride,,3883,29061.7,FALSE,,activities/471238773.fit.gz
424470878,01/11/2015 12:53,Ruislip Lido: Getting my Recommended Monthly Allowance of NOx in traffic,Ride,Garmin crashed ~3x...,8309,42642.9,FALSE,,activities/474560828.fit.gz
425292431,02/11/2015 19:06,Zwift - Watopia - FTP Test,VirtualRide,Aimed for 250 W average for 20 min and it was tough. Got FTP result of 239 W.,4455,37206.2,FALSE,,activities/475417604.fit.gz
426525816,04/11/2015 19:16,Zwift - Watopia - 12wk FTP Builder (advanced) Week 1 Day 1,VirtualRide,Seemed too easy but guess it's the start of the training...,3112,23384.9,FALSE,,activities/476686818.fit.gz
427137881,05/11/2015 19:42,Zwift - Watopia - 12wk FTP Builder (advanced) Week 1 Day 2,VirtualRide,,3543,28300,FALSE,,activities/477316676.fit.gz
427668747,06/11/2015 19:15,Zwift - Watopia - 12wk FTP Builder (advanced) Week 1 Day 3,VirtualRide,,3662,28183.4,FALSE,,activities/477863696.fit.gz
427935674,07/11/2015 09:08,Zwift - Watopia - 12wk FTP Builder (advanced) Week 1 Day 4,VirtualRide,,4542,36087.1,FALSE,,activities/478139896.fit.gz
429672129,09/11/2015 18:39,"Zwift - Richmond, VA - 12wk FTP Builder (advanced) Week 2 Day 1",VirtualRide,,3341,28129.7,FALSE,,activities/479948567.fit.gz
430336640,10/11/2015 20:02,"Zwift - Richmond, VA - 12wk FTP Builder (advanced) Week 2 Day 2",VirtualRide,,4162,33437.5,FALSE,,activities/480627697.fit.gz
430971217,11/11/2015 19:10,Zwift - Watopia - 12wk FTP Builder (advanced) Week 2 Day 3,VirtualRide,,4243,32636.3,FALSE,,activities/481282788.fit.gz
432034716,13/11/2015 17:14,Zwift - Watopia - 12wk FTP Builder (advanced) Week 2 Day 4,VirtualRide,,4240,34392.1,FALSE,,activities/482376633.fit.gz
434014647,16/11/2015 19:22,"Zwift - Richmond, VA - Jon's Mix",VirtualRide,,3711,30281.7,FALSE,,activities/484437412.fit.gz
435734221,19/11/2015 20:45,Zwift - Watopia - The McCarthy Special,VirtualRide,,4107,31382.7,FALSE,,activities/486183098.fit.gz
436243259,20/11/2015 20:41,Zwift - Watopia - SST (Med),VirtualRide,,5388,47044.9,FALSE,,activities/486705115.fit.gz
438133124,23/11/2015 18:59,"Zwift - Richmond, VA - 12wk FTP Builder (advanced) Week 3 Day 1",VirtualRide,,3729,31567.5,FALSE,,activities/488672389.fit.gz
438698646,24/11/2015 19:29,"Zwift - Richmond, VA - aborted training since I didn't have time",VirtualRide,,639,4793.8,FALSE,,activities/489251739.fit.gz
438724840,24/11/2015 19:41,"Zwift - Richmond, VA - Jon's Short Mix",VirtualRide,,2014,17102.2,FALSE,,activities/489277869.fit.gz
439341091,25/11/2015 19:27,Zwift - Watopia - 12wk FTP Builder (advanced) Week 3 Day 2,VirtualRide,,5021,40284.6,FALSE,,activities/489911757.fit.gz
439943359,26/11/2015 19:47,Zwift - Watopia - 12wk FTP Builder (advanced) Week 3 Day 3,VirtualRide,,4185,32626.9,FALSE,,activities/490528772.fit.gz
440438298,27/11/2015 20:31,Zwift - Watopia - 12wk FTP Builder (advanced) Week 3 Day 4,VirtualRide,,5116,43187,FALSE,,activities/491036614.fit.gz
441888573,30/11/2015 08:16,"Zwift - Richmond, VA - 12wk FTP Builder (advanced) Week 4 Day 1",VirtualRide,,3991,32077.9,FALSE,,activities/492542739.fit.gz
442643688,01/12/2015 18:01,"Zwift - Richmond, VA - 12wk FTP Builder (advanced) Week 4 Day 2",VirtualRide,,4445,35070.1,FALSE,,activities/493307638.fit.gz
443319678,02/12/2015 20:28,Zwift - Watopia - 12wk FTP Builder (advanced) Week 4 Day 3,VirtualRide,,4114,32644.4,FALSE,,activities/493993139.fit.gz
443829243,03/12/2015 20:06,Zwift - Watopia - 12wk FTP Builder (advanced) Week 4 Day 4,VirtualRide,,3394,26378.2,FALSE,,activities/494518394.fit.gz
444359847,04/12/2015 21:41,Zwift - Watopia 12/04/2015,VirtualRide,,2249,19463.9,FALSE,,activities/495057712.fit.gz
446789586,08/12/2015 19:07,"Zwift - Richmond, VA - 12wk FTP Builder (advanced) Week 5 Day 1",VirtualRide,,4199,33125.8,FALSE,,activities/497557807.fit.gz
447371447,09/12/2015 19:15,Zwift - Watopia - 12wk FTP Builder (advanced) Week 5 Day 2,VirtualRide,,3519,29055.1,FALSE,,activities/498148222.fit.gz
447932074,10/12/2015 19:45,Zwift - Watopia - 12wk FTP Builder (advanced) Week 5 Day 3,VirtualRide,,3606,29230.4,FALSE,,activities/498717325.fit.gz
448658373,12/12/2015 09:04,Zwift - Watopia - 12wk FTP Builder (advanced) Week 5 Day 4,VirtualRide,1000 km total on Zwift,5725,47043.6,FALSE,,activities/499463906.fit.gz
450246326,14/12/2015 19:10,"Zwift - Richmond, VA - 12wk FTP Builder (advanced) Week 6 Day 1",VirtualRide,,4138,33097.3,FALSE,,activities/501103362.fit.gz
451278774,16/12/2015 18:20,Zwift - Watopia - 12wk FTP Builder (advanced) Week 6 Day 2,VirtualRide,,4344,34415.8,FALSE,,activities/502154902.fit.gz
451906494,17/12/2015 21:18,Zwift - Watopia - 12wk FTP Builder (advanced) Week 6 Day 3,VirtualRide,,3845,30027.3,FALSE,,activities/502790489.fit.gz
452099116,18/12/2015 09:21,Zwift - Watopia - 12wk FTP Builder (advanced) Week 6 Day 4,VirtualRide,,5797,47041.1,FALSE,,activities/502986615.fit.gz
458283992,25/12/2015 04:30,Walk round to the lighthouse,Run,,3990,3912,FALSE,,activities/458283992.gpx
459697974,28/12/2015 22:23,Jog/walk with C round the coast,Run,,925,1791.1,FALSE,,activities/459697974.gpx
467320777,10/01/2016 12:11,Zwift - Watopia - 2x20 FTP Intervals,VirtualRide,,5571,46046.4,FALSE,,activities/518582889.fit.gz
468287428,11/01/2016 18:58,Zwift - Watopia - 12wk FTP Builder (advanced) Week 6 Day 1,VirtualRide,,4016,32040.4,FALSE,,activities/519563150.fit.gz
469032180,12/01/2016 19:48,Zwift - Watopia - 12wk FTP Builder (advanced) Week 6 Day 2,VirtualRide,,4225,36078.8,FALSE,,activities/520307117.fit.gz
469741577,13/01/2016 19:35,Zwift - Watopia - 12wk FTP Builder (advanced) Week 6 Day 3,VirtualRide,,3852,32264.9,FALSE,,activities/521016399.fit.gz
471016289,15/01/2016 18:39,"Zwift - Richmond, VA - 10-12wk FTP Builder Week 6 Day 4",VirtualRide,,6184,50074.5,FALSE,,activities/522298308.fit.gz
471321099,16/01/2016 09:12,"Zwift - Richmond, VA - 10-12wk FTP Builder Week 6 Day 5",VirtualRide,,3880,30100.5,FALSE,,activities/522608385.fit.gz
473285697,18/01/2016 19:02,Zwift - Watopia - 10-12wk FTP Builder Week 7 Day 1,VirtualRide,,4861,40054.3,FALSE,,activities/524611250.fit.gz
473990807,19/01/2016 19:07,Zwift - Watopia - 10-12wk FTP Builder Week 7 Day 2,VirtualRide,,4619,38066.9,FALSE,,activities/525314602.fit.gz
474690630,20/01/2016 19:05,Zwift - Watopia - 10-12wk FTP Builder Week 7 Day 3,VirtualRide,,4319,36111,FALSE,,activities/526017529.fit.gz
475407952,21/01/2016 19:07,Zwift - Watopia - 10-12wk FTP Builder week 7 Day 4,VirtualRide,,6146,50144.5,FALSE,,activities/526734160.fit.gz
476620632,23/01/2016 12:32,St Albans return,Ride,,9623,53291.7,FALSE,,activities/527962107.fit.gz
478129953,25/01/2016 12:25,So that's what running feels like,Run,Thought that was the 5km route...,2947,8199.1,FALSE,,activities/478129953.gpx
479060486,26/01/2016 18:20,Zwift Watopia 1 lap recovery,VirtualRide,,2570,10019.8,FALSE,,activities/530460299.fit.gz
479141101,25/01/2016 12:25,Lunch Run - w/HR monitor,Run,,2901,7847.7,FALSE,,activities/530541937.fit.gz
480672312,28/01/2016 19:21,"Zwift - Richmond, VA - 10-12wk FTP Builder week 7 Day 5",VirtualRide,,3848,30137.6,FALSE,,activities/532114396.fit.gz
482595111,31/01/2016 10:11,Winter run 10k for Cancer Research UK,Run,,4782,11462.3,FALSE,,activities/534078016.fit.gz
483729480,01/02/2016 19:37,Zwift - Watopia - The Wringer,VirtualRide,,2973,23433.1,FALSE,,activities/535236744.fit.gz
484475933,02/02/2016 19:05,Zwift - Watopia Sub2,VirtualRide,First group ride. Started late - tried to catch Sub3 but met Sub2 instead! Hill climb to finish.,5118,47271.9,FALSE,,activities/535990193.fit.gz
486593474,05/02/2016 18:18,"Zwift - Richmond, VA - SST (Short)",VirtualRide,,4001,31416.4,FALSE,,activities/538124248.fit.gz
488038545,07/02/2016 10:42,Zwift - Metric century,VirtualRide,"Solo, then caught ODZ 2.5 group",11474,105438,FALSE,,activities/539595937.fit.gz
489035380,08/02/2016 19:39,Zwift - Watopia - 10-12wk FTP Builder Week 8 Day 1,VirtualRide,,3697,30116.4,FALSE,,activities/540607924.fit.gz
490415196,10/02/2016 17:35,Zwift - Watopia - 10-12wk FTP Builder Week 8 Day 2,VirtualRide,,3660,28639.9,FALSE,,activities/541990929.fit.gz
491294090,11/02/2016 19:38,"Zwift - Richmond, VA - 10-12wk FTP Builder Week 8 Day 3",VirtualRide,Put FTP up to 245 - need to reassess...,3748,28292.5,FALSE,,activities/542867309.fit.gz
492003105,12/02/2016 20:31,"Zwift - Richmond, VA - 10-12wk FTP Builder Week 8 Day 4",VirtualRide,,4935,39361.5,FALSE,,activities/543571888.fit.gz
493144053,14/02/2016 10:08,5km jog with C,Run,,2526,5151.3,FALSE,,activities/544735773.fit.gz
494328589,15/02/2016 19:08,Zwift - Watopia - 10-12wk FTP Builder Week 9 Day 1,VirtualRide,,5197,42020.7,FALSE,,activities/545933167.fit.gz
495057463,16/02/2016 18:41,Zwift - Watopia - 10-12wk FTP Builder Week 9 Day 2,VirtualRide,,5309,47049.7,FALSE,,activities/546662056.fit.gz
495852822,17/02/2016 19:24,Zwift - Watopia - 10-12wk FTP Builder Week 9 Day 3,VirtualRide,,5240,42123.1,FALSE,,activities/547457698.fit.gz
497174359,19/02/2016 15:18,12wk FTP Builder w9 d4 + tag onto ULED,VirtualRide,I think that worked the real ale out of my system...,9571,77082.5,FALSE,,activities/548784282.fit.gz
499152182,21/02/2016 18:47,Zwift - Watopia - 10-12wk FTP Builder Week 10 Day 1,VirtualRide,,5547,44650.4,FALSE,,activities/550839981.fit.gz
499871161,22/02/2016 19:28,Zwift - Watopia - Abandoned Wk 10 D 2,VirtualRide,,2944,23043,FALSE,,activities/551629537.fit.gz
501487744,24/02/2016 19:14,Zwift - Watopia - 10-12wk FTP Builder Week 10 Day 2,VirtualRide,Feelin much better after a day's rest!,5205,44009.1,FALSE,,activities/553249895.fit.gz
502258388,25/02/2016 19:43,"Zwift - Richmond, VA - 10-12wk FTP Builder Week 10 Day 3",VirtualRide,,4859,38858.4,FALSE,,activities/554024164.fit.gz
502982751,26/02/2016 20:16,"Zwift - Richmond, VA - 10-12wk FTP Builder week 10 Day 4",VirtualRide,,5566,45011.4,FALSE,,activities/554753617.fit.gz
505570367,29/02/2016 19:37,Zwift - Watopia - Warm-up,VirtualRide,Cancelled for a shorter workout.,328,1565.9,FALSE,,activities/557397299.fit.gz
505605792,29/02/2016 19:43,Zwift - Watopia - The Wringer,VirtualRide,,2328,19208.9,FALSE,,activities/557431755.fit.gz
506351306,01/03/2016 18:44,Zwift - Watopia - 2x20 FTP Intervals,VirtualRide,,4952,42009.5,FALSE,,activities/558178570.fit.gz
511177014,07/03/2016 19:38,Zwift - Watopia - 10-12wk FTP Builder Week 11 Day 1,VirtualRide,,5083,38540.1,FALSE,,activities/563220514.fit.gz
517146999,14/03/2016 18:48,Zwift - Watopia - 10-12wk FTP Builder Week 11 Day 2,VirtualRide,,6107,50945,FALSE,,activities/569492439.fit.gz
517905385,13/03/2016 13:19,St Albans 20 km with C,Ride,,5291,21413.4,FALSE,,activities/570335640.fit.gz
519684271,17/03/2016 19:13,"Zwift - Richmond, VA - 10-12wk FTP Builder Week 11 Day 3",VirtualRide,,5621,43736.6,FALSE,,activities/572119775.fit.gz
520946468,19/03/2016 11:40,Zwift - FTP Builder wk11 d5 + mountain climbing,VirtualRide,,7311,47133.4,FALSE,,activities/573413522.fit.gz
523170679,21/03/2016 18:50,Zwift - Watopia - 10-12wk FTP Builder Week 12 Day 1,VirtualRide,,3702,25442.1,FALSE,,activities/575691592.fit.gz
524062020,22/03/2016 19:33,Zwift - Watopia - 10-12wk FTP Builder Week 12 Day 2,VirtualRide,,4098,27000.6,FALSE,,activities/576597715.fit.gz
524898089,23/03/2016 19:04,Zwift - Watopia - 10-12wk FTP Builder Week 12 Day 3,VirtualRide,,3993,24216.9,FALSE,,activities/577445984.fit.gz
525741741,24/03/2016 19:54,"Zwift - Richmond, VA - 10-12wk FTP Builder week 12 Day 4",VirtualRide,Last ride of the training programme!,5133,42262.5,FALSE,,activities/578301250.fit.gz
534530720,03/04/2016 08:17,Adventure into Switzerland w/ ADH,Ride,,18498,47818.7,FALSE,,activities/587323573.fit.gz
535748303,04/04/2016 17:21,Escape to Brugg in the fading daylight,Ride,,1851,9833.6,FALSE,,activities/588578624.fit.gz
537635929,06/04/2016 17:47,Hill sprint before dinner,Ride,,1087,5223.4,FALSE,,activities/590495231.fit.gz
539275982,08/04/2016 12:24,The commute,Ride,,11786,77637.1,FALSE,,activities/592157765.fit.gz
540195606,09/04/2016 14:37,Ã  pied w/ C,Run,,1909,3516.1,FALSE,,activities/593097104.fit.gz
543491856,12/04/2016 18:22,Zwift - FTP Test,VirtualRide,Started too hard,4794,31139.2,FALSE,,activities/596478905.fit.gz
547063468,16/04/2016 08:28,A wet Wiggle Spring Saddle short w/ C,Ride,,15685,66032.8,FALSE,,activities/600149886.fit.gz
548119957,17/04/2016 08:28,MK Evans RideIt 60 miles w/ JK,Ride,,15662,98590.5,FALSE,,activities/601245527.fit.gz
550564758,19/04/2016 18:04,Zwift - 1 hr Foundation/chill,VirtualRide,,3464,23147.9,FALSE,,activities/603807042.fit.gz
551658980,20/04/2016 18:21,Zwift - Foundation,VirtualRide,,4082,25272.3,FALSE,,activities/604935860.fit.gz
555358657,24/04/2016 11:54,Tring pootle w/ C,Ride,,4669,25259.4,FALSE,,activities/608861397.fit.gz
556646313,25/04/2016 17:32,Zwift - Watopia - Mountain,VirtualRide,,3994,28968.2,FALSE,,activities/610204151.fit.gz
566694473,05/05/2016 19:35,Zwift - payment for the week off...,VirtualRide,,4044,29052.2,FALSE,,activities/620515618.fit.gz
569552311,08/05/2016 10:49,Out to Tring,Ride,New max HR in the heat. Front wheel puncture. Didn't pace the London hills very well!,10181,57356.7,FALSE,,activities/623477555.fit.gz
571845319,10/05/2016 17:56,Zwift - 1 hr whilst catching up with Tour de Yorkshire on ITV player,VirtualRide,,3778,28044.6,FALSE,,activities/625845996.fit.gz
575765610,14/05/2016 08:45,Pedal of Honour 2016 w/ Team Breakaway,Ride,,22216,87792.7,FALSE,,activities/629874011.fit.gz
576771898,15/05/2016 08:54,SACCR 2016 w/ Jay & Andrew,Ride,,13200,54686,FALSE,,activities/630923620.fit.gz
578313266,16/05/2016 18:20,Zwift - Foundation ride,VirtualRide,,3947,25294,FALSE,,activities/632530093.fit.gz
580863822,19/05/2016 06:45,Zwift - Pre-breakfast mountain foundation,VirtualRide,,4241,27155.5,FALSE,,activities/635142020.fit.gz
590735492,27/05/2016 11:22,Errands,Ride,,392,1548,FALSE,,activities/645319541.fit.gz
590735974,28/05/2016 08:39,Chilterns escapade,Ride,,18917,84139.3,FALSE,,activities/645319877.fit.gz
592849724,30/05/2016 11:23,Hampstead jog w/ C,Run,,2551,4578.2,FALSE,,activities/647513272.fit.gz
594297960,31/05/2016 18:10,"Zwift - Richmond, VA - Jon's Mix",VirtualRide,,3538,28058,FALSE,,activities/649008460.fit.gz
600704308,06/06/2016 17:07,Zwift - Jon's Mix - Not the day for Zwifting but I did it anyway.,VirtualRide,,3515,26012.9,FALSE,,activities/655603720.fit.gz
602605740,08/06/2016 11:10,Ridgmont - where was OUCC?,Ride,,4467,30080.7,FALSE,,activities/657571302.fit.gz
605945619,11/06/2016 10:16,SACCR 30 mile route w/ C,Ride,,14407,44297.1,FALSE,,activities/661071392.fit.gz
610328316,15/06/2016 17:39,Zwift - ZZRC Group Ride,VirtualRide,,4029,36172.4,FALSE,,activities/665621419.fit.gz
611863940,17/06/2016 07:44,Zwift - Canyon Pretzel challange,VirtualRide,Endurance. First 1.75 hours pre-breakfast.,14221,73078,FALSE,,activities/667230469.fit.gz
612869220,18/06/2016 12:19,Recovery lap - Orange leader's jersey!! (reverse Watopia lap),VirtualRide,,1859,10047.5,FALSE,,activities/668278144.fit.gz
615424450,20/06/2016 18:31,Zwift - Zones 2&3,VirtualRide,,4548,29201.2,FALSE,,activities/670981736.fit.gz
617592800,22/06/2016 18:48,Zwift - Hill Reps,VirtualRide,,3315,25198.2,FALSE,,activities/673225139.fit.gz
629988412,04/07/2016 16:53,South Devon evening scout,Ride,,2447,11737.9,FALSE,,activities/689803151.fit.gz
630721480,05/07/2016 09:42,To Salcombe,Ride,,2126,10919.1,FALSE,,activities/691146246.fit.gz
630721559,05/07/2016 11:00,Salcombe return,Ride,,2147,10594.9,FALSE,,activities/691146367.fit.gz
633217796,07/07/2016 10:44,Baa-ewe-tiful Dartmoor loop w/ C,Ride,,9455,28033.2,FALSE,,activities/695458406.fit.gz
634464909,08/07/2016 16:45,To St Pancras,Ride,,1934,8853,FALSE,,activities/697703232.fit.gz
634464949,08/07/2016 19:14,Folkestone to Dover - bus replacement service!,Ride,,3677,13518.2,FALSE,,activities/697703290.fit.gz
634599369,08/07/2016 22:10,Night ride from Calais,Ride,,6036,29792.4,FALSE,,activities/697977053.fit.gz
635249670,09/07/2016 07:19,Loon-Plage to Bruges w/ Rogers and Tom,Ride,,26583,88013,FALSE,,activities/699163759.fit.gz
636642530,10/07/2016 16:51,Ferry to the station,Ride,,1235,3913.8,FALSE,,activities/701488143.fit.gz
636642546,10/07/2016 06:25,Bruges to Calais into a headwind w/ Tom and Rogers,Ride,,31356,117538,FALSE,,activities/701488025.fit.gz
636898561,10/07/2016 20:54,And home!,Ride,,821,4916.4,FALSE,,activities/701890176.fit.gz
639901428,13/07/2016 17:51,Zwift - Free-ride with TDF highlights,VirtualRide,,4184,27340.5,FALSE,,activities/705968640.fit.gz
645464163,18/07/2016 19:02,Zwift - Strength Endurance,VirtualRide,,4081,26042.7,FALSE,,activities/711903493.fit.gz
651974993,24/07/2016 11:17,Surrey scouting w/ C,Ride,,13302,43752.8,FALSE,,activities/718874344.fit.gz
660126925,31/07/2016 04:35,To the start,Ride,,2293,6280.1,FALSE,,activities/727119584.fit.gz
660128162,31/07/2016 06:16,Ride London Surrey 100,Ride,Tough to keep up with Hoa and Scott for first half. Busy roads on the hills. Recuperated at 81 miles before hanging onto some fast trains to the finish.,22094,160831,FALSE,,activities/727120403.fit.gz
660304352,31/07/2016 17:02,Back to the car,Ride,,2414,7877.4,FALSE,,activities/727980505.fit.gz
661236680,01/08/2016 19:08,Zwift - London recovery - taking in the sights,VirtualRide,,1563,10128.8,FALSE,,activities/729277710.fit.gz
663432793,03/08/2016 17:51,Zwift - Z2 ride,VirtualRide,,3619,26016.1,FALSE,,activities/731640004.fit.gz
664415714,04/08/2016 14:19,Sunshine and showers tour of rural Northamptonshire,Ride,,8469,34028,FALSE,,activities/732704406.fit.gz
665207995,05/08/2016 09:58,Swains Rd climb,Ride,,2503,14949.4,FALSE,,activities/733564907.fit.gz
667614805,07/08/2016 09:47,To Tring,Ride,,8565,57256.5,FALSE,,activities/736185979.fit.gz
669204684,08/08/2016 17:47,Zwift - Z2 watching Olympics!,VirtualRide,Frequent Ant+ dropout...,3832,27783.3,FALSE,,activities/737908795.fit.gz
671567320,10/08/2016 17:50,Zwift - Threshold building - More Olympic channel surfing,VirtualRide,,5665,41076.5,FALSE,,activities/740467197.fit.gz
673714231,12/08/2016 18:55,Zwift - Watopia - Jon's Short Mix,VirtualRide,,2680,13069.4,FALSE,,activities/742803232.fit.gz
685242453,22/08/2016 17:58,Zwift - BTW group ride,VirtualRide,,4281,35120.6,FALSE,,activities/755291922.fit.gz
686515103,23/08/2016 18:24,Zwift - Zone 2 Cadence Changer,VirtualRide,,4335,28058.5,FALSE,,activities/756649889.fit.gz
687685830,24/08/2016 17:52,Zwift - Low Cadence Zone 3,VirtualRide,,3623,26105.8,FALSE,,activities/757894623.fit.gz
688897567,25/08/2016 18:03,Zwift - Z2 Endurance,VirtualRide,,5157,38029.2,FALSE,,activities/759187468.fit.gz
690844604,27/08/2016 13:53,Zwift - Z2/3,VirtualRide,,4214,27138.7,FALSE,,activities/761288358.fit.gz
693385678,29/08/2016 15:51,Bank holiday sunshine ride,Ride,,3562,17294.4,FALSE,,activities/764031608.fit.gz
694778673,30/08/2016 18:28,Zwift - Cadence Training,VirtualRide,,4633,33063.7,FALSE,,activities/765537343.fit.gz
698852690,03/09/2016 08:42,Out to Epping Forest & Mott St.,Ride,,12092,64658.5,FALSE,,activities/770006205.fit.gz
702939711,06/09/2016 18:34,Zwift - Zone 2 Cadence Changer,VirtualRide,,4240,30110.9,FALSE,,activities/774383792.fit.gz
703080914,01/09/2016 20:30,First gym session - AA,Workout,Figuring out the machines and what weights should be for each activity. Still achy 3 days after... ,5520,0,FALSE,,
703083153,05/09/2016 18:00,AA - session 2,Workout,Found the standing & seated row machines...,5280,0,FALSE,,
705669829,08/09/2016 18:20,AA session 3,Workout,,5820,0,FALSE,,
706920042,10/09/2016 10:36,Zwift - Z2 foundation,VirtualRide,Maybe too hard for Z2.,3720,24573.6,FALSE,,activities/778724937.fit.gz
709692412,12/09/2016 09:46,"Hertford loop - endurance, trying to take it easy, but going fast is fun!",Ride,,16755,88424.4,FALSE,,activities/781781183.fit.gz
712488407,14/09/2016 18:24,AA session 4,Workout,,5580,0,FALSE,,
713523082,15/09/2016 18:16,Zwift - Z2 Cadence Changer,VirtualRide,,4221,25039.2,FALSE,,activities/786023472.fit.gz
718196203,19/09/2016 18:48,AA session 5,Workout,,4680,0,FALSE,,
719251571,20/09/2016 17:51,Zwift - PRL half challenge Z2 endurance,VirtualRide,,9053,71044.4,FALSE,,activities/792471666.fit.gz
723167287,24/09/2016 12:14,Zwift - ODZ Coffee Ride,VirtualRide,,4351,42102.3,FALSE,,activities/796950693.fit.gz
740323270,09/10/2016 13:00,Beachside yoga,Workout,,3600,0,FALSE,,
740439956,10/10/2016 13:00,Beach yoga,Workout,,3600,0,FALSE,,
741783144,11/10/2016 13:00,Beach yoga,Workout,,3600,0,FALSE,,
742848819,12/10/2016 13:00,Beach yoga,Workout,,3600,0,FALSE,,
743724049,13/10/2016 13:00,Beachside yoga,Workout,,3600,0,FALSE,,
743813772,13/10/2016 19:30,Gym cycle up to z4 HR,VirtualRide,,1800,0,FALSE,,
743814432,13/10/2016 20:00,Gym weights AA,Workout,"Leg press 50 pounds x20 x20 55 lbs x20
Lat pull down 40 lbs x20 x20 x20
Leg press 55 lbs x20 x20 x20
Press up x12 x12 x12
Leg press machine 30 lbs. individual legs. x15 x15
Sit up x12 x12 x14
Cool Down cycle 10 mins",3600,0,FALSE,,
744651814,14/10/2016 13:00,Last beach yoga,Workout,,3600,0,FALSE,,
744653333,14/10/2016 20:00,Gym ride avg HR 135,VirtualRide,,2700,12600,FALSE,,
744654795,14/10/2016 20:45,Gym weights,Workout,"Leg press 55 lbs x20 x20 60 lbs x20
Pull down 40 lbs x20 x20 x20
Sit ups x12 x12 x12
Push ups x10 x10 x12
Cool down cycle 15 min",2700,0,FALSE,,
748877623,18/10/2016 18:33,Zwift - Jon's Mix,VirtualRide,,3664,29057.8,FALSE,,activities/827179941.fit.gz
758467769,28/10/2016 14:25,Zwift - Cervelo 40 km challenge/chill ride,VirtualRide,,7501,51040.4,FALSE,,activities/838322085.fit.gz
759570655,29/10/2016 16:08,Zwift - Cadence drills,VirtualRide,,4095,28022.2,FALSE,,activities/839602921.fit.gz
764031287,02/11/2016 19:29,Zwift - ZZRC SUB 3.0 Ride,VirtualRide,,3660,36051.4,FALSE,,activities/844775595.fit.gz
766602004,05/11/2016 13:25,Zwift - Cadence Pushing,VirtualRide,,5143,42095.2,FALSE,,activities/847743419.fit.gz
768992972,07/11/2016 19:10,Zwift - Short Z2,VirtualRide,,3104,20100,FALSE,,activities/850520743.fit.gz
773084658,12/11/2016 11:10,Zwift - Peaks Pedal Drills,VirtualRide,,5069,39299.6,FALSE,,activities/855291388.fit.gz
775506790,14/11/2016 18:08,Zwift - Winter plan wk5 d1,VirtualRide,Cut the 15min Z5 short,6325,41172.1,FALSE,,activities/858085280.fit.gz
779538123,19/11/2016 09:27,Zwift - Mat Hayman Paris Roubaix 1,VirtualRide,,4915,34032.5,FALSE,,activities/862845605.fit.gz
786869903,27/11/2016 10:18,Zwift - Z2/3 chill,VirtualRide,,4253,30035,FALSE,,activities/871293226.fit.gz
788275487,28/11/2016 19:11,Zwift - Z2,VirtualRide,,4081,27052.9,FALSE,,activities/872845477.fit.gz
790110351,30/11/2016 09:00,Olympic Velodrome track taster session,Ride,,3600,0,FALSE,,
795432259,06/12/2016 19:30,Zwift - Cycle Right Ride - Climbing mountains,VirtualRide,,3653,26078,FALSE,,activities/880888726.fit.gz
800723866,12/12/2016 19:30,Zwift - ZZRC SUB 3.0 Ride,VirtualRide,,3701,36061.6,FALSE,,activities/886852284.fit.gz
801691485,13/12/2016 19:49,Zwift - Z2/3,VirtualRide,,4320,37055.6,FALSE,,activities/887945354.fit.gz
811805322,26/12/2016 12:42,A surprisingly warm Boxing Day ride,Ride,,4343,26110.2,FALSE,,activities/899407191.fit.gz
812793580,27/12/2016 10:33,Kingston Hill and back through Chilterns,Ride,,12876,71759.7,FALSE,,activities/900505632.fit.gz
814793343,29/12/2016 11:45,Tring to home,Ride,,9426,57404.2,FALSE,,activities/902713208.fit.gz
815719410,30/12/2016 11:15,AA,Workout,,6300,0,FALSE,,
816904596,31/12/2016 14:48,Afternoon Walk,Walk,,2603,3379.63,FALSE,,
818950289,02/01/2017 10:05,Gym AA,Workout,,5700,0,FALSE,,
821301881,04/01/2017 18:56,Zwift - Z2 foundation,VirtualRide,,5430,35227.6,FALSE,,activities/909810696.fit.gz
822371296,05/01/2017 19:31,Zwift - Z2 Cadence Changer,VirtualRide,,4400,29628.8,FALSE,,activities/910965400.fit.gz
824209055,07/01/2017 11:04,AA/MT,Workout,,5100,0,FALSE,,
826690333,09/01/2017 18:41,Zwift - Z2 double mountain,VirtualRide,,7286,46068.1,FALSE,,activities/915647959.fit.gz
827710812,10/01/2017 18:48,Zwift - Z2 Cadence Changer,VirtualRide,,4262,25181.6,FALSE,,activities/916746086.fit.gz
828768784,11/01/2017 18:56,Zwift - Z2 pre-stretch,VirtualRide,,1900,15001.1,FALSE,,activities/917880352.fit.gz
830790399,13/01/2017 18:20,AA/MT,Workout,,6000,0,FALSE,,
831229470,14/01/2017 08:52,Zwift - Z2 pre-breakfast,VirtualRide,,3694,27454.9,FALSE,,activities/920577882.fit.gz
834260749,16/01/2017 18:41,Zwift - Z2 Double mountain,VirtualRide,,7306,47050.4,FALSE,,activities/923798045.fit.gz
835267516,17/01/2017 18:28,Zwift - Z2 Cadence Changer,VirtualRide,,4149,23622.9,FALSE,,activities/924900627.fit.gz
836411223,18/01/2017 18:59,Zwift - Z2 freeride,VirtualRide,,3671,24094.4,FALSE,,activities/926404383.fit.gz
838442379,20/01/2017 18:55,Zwift - Z2 with some bursts,VirtualRide,,3645,28108.6,FALSE,,activities/928607352.fit.gz
838981830,21/01/2017 09:30,AA/MT,Workout,,5400,0,FALSE,,
841944661,23/01/2017 19:02,Zwift - Z2,VirtualRide,,3646,24125.2,FALSE,,activities/932400021.fit.gz
844146965,25/01/2017 18:55,Zwift - Z2 Cadence Changer,VirtualRide,,3677,27071.6,FALSE,,activities/934780926.fit.gz
845207815,26/01/2017 19:33,Zwift - Z1 pre stretch,VirtualRide,,1270,5145.7,FALSE,,activities/935930219.fit.gz
846828438,28/01/2017 09:35,AA/MT working on form,Workout,,6300,0,FALSE,,
849780378,30/01/2017 18:59,Zwift - 2 hr Z2 double mountain,VirtualRide,,7307,44051,FALSE,,activities/940911691.fit.gz
850828760,31/01/2017 19:03,Zwift - Power and speed intervals,VirtualRide,,3762,25154.3,FALSE,,activities/942044016.fit.gz
853057761,02/02/2017 19:08,Zwift - Z3 intervals,VirtualRide,Completed the 50 km climbing challenge and earned myself a Tron bike!,3701,28059.2,FALSE,,activities/944431461.fit.gz
854697220,04/02/2017 10:15,AA/MT,Workout,,6600,0,FALSE,,
856551723,05/02/2017 17:59,Zwift - Warm-up pre-stretch,VirtualRide,First time I've spotted a runner on Zwift! They'll be swimming next...,1248,9101.1,FALSE,,activities/948229437.fit.gz
857510316,06/02/2017 18:50,Zwift - Z2 exploring volcano,VirtualRide,,3709,36123.9,FALSE,,activities/949264577.fit.gz
858730378,07/02/2017 19:15,Zwift - Foundation,VirtualRide,,7274,70107.2,FALSE,,activities/950562396.fit.gz
860435986,09/02/2017 12:06,Zwift - Base 2 power and speed intervals,VirtualRide,,3789,28046.3,FALSE,,activities/952429623.fit.gz
861811534,10/02/2017 19:31,Zwift - Base 2 Z3 intervals - aborted,VirtualRide, Right hamstring tight,2693,21775.6,FALSE,,activities/953884744.fit.gz
862399229,11/02/2017 09:31,MT,Workout,First time working on squats.,6300,0,FALSE,,
866522267,14/02/2017 19:03,Zwift - Z2 tough - W/HR decoupling was poor - woke up with sore throat next day,VirtualRide,,6075,56011.6,FALSE,,activities/958954410.fit.gz
867655513,15/02/2017 19:49,Zwift - Unstructured ride,VirtualRide,,2133,17056.1,FALSE,,activities/960171022.fit.gz
869779926,17/02/2017 16:41,Zwift - 2 hr z2,VirtualRide,,7322,69120.7,FALSE,,activities/962466043.fit.gz
870893949,18/02/2017 11:04,MT,Workout,,4200,0,,,
876205329,22/02/2017 20:14,Zwift - group with some efforts <2W/kg,VirtualRide,,3789,35187.8,FALSE,,activities/969352085.fit.gz
877245296,23/02/2017 20:03,Zwift - Graded exercise test,VirtualRide,,2221,19065.6,FALSE,,activities/970480797.fit.gz
879344004,25/02/2017 13:47,To the pub and back,Walk,,12467,5186.8,FALSE,,activities/879344004.gpx
880413281,26/02/2017 11:50,To the needles and back,Walk,,5597,4010.7,FALSE,,activities/880413281.gpx
881961851,27/02/2017 18:25,SM,Workout,,4500,0,FALSE,,
883965642,28/02/2017 19:53,Zwift - Z2 80 rpm,VirtualRide,,3620,33133,FALSE,,activities/978219027.fit.gz
884015524,01/03/2017 19:03,Zwift - Some speed work pre stretch,VirtualRide,,1846,17052.8,FALSE,,activities/978271288.fit.gz
885416069,02/03/2017 19:38,Zwift - GCN Power,VirtualRide,,3771,32071,FALSE,,activities/980359475.fit.gz
887470560,04/03/2017 14:17,St Albans and back,Ride,,7926,49619,FALSE,,activities/983858900.fit.gz
891414781,06/03/2017 19:25,Strength maintenance,Workout,,4380,0,FALSE,,
892599010,08/03/2017 19:15,Zwift - 1hr Z2,VirtualRide,,3814,32087,FALSE,,activities/990967982.fit.gz
892606846,08/03/2017 12:00,Lunch OU Yoga,Workout,,3600,0,FALSE,,
895800276,11/03/2017 10:53,To Tring - first ride post bike fit,Ride,,9532,57145.9,FALSE,,activities/994400418.fit.gz
899068185,13/03/2017 19:38,Zwift - 30 min cadence,VirtualRide,,1844,15206.1,FALSE,,activities/997888308.fit.gz
899118256,12/03/2017 15:10,Strength maintenance,Workout,,5520,0,FALSE,,
900323038,14/03/2017 19:22,Zwift - Z2 ME intervals,VirtualRide,,3609,35255.9,FALSE,,activities/999217131.fit.gz
901640896,15/03/2017 19:29,Zwift - More Z2 ME intervals,VirtualRide,,3972,37133.1,FALSE,,activities/1000611054.fit.gz
902863393,16/03/2017 19:28,"Zwift - Z5 3x3 min intervals, 1 min rest",VirtualRide,"After some googling... it's recommended to do 2-4 min at Z5 with equal recovery time, for about 12-15 min total in Z5 for an effective workout... I'll add longer recovery and an extra interval next time!",1864,16113.6,FALSE,,activities/1001904508.fit.gz
904833751,18/03/2017 10:37,Morning Ride,Ride,,12370,66791.6,FALSE,,activities/1003997648.fit.gz
913627698,25/03/2017 09:27,Zwift - Maratona dles Dolomites eFondo,VirtualRide,,11963,73088.1,FALSE,,activities/1013182950.fit.gz
931689502,07/04/2017 11:21,"Traffic diversions, fish and chips and an espresso at Stripes",Ride,,5704,24324.9,FALSE,,activities/1031752286.fit.gz
932749401,08/04/2017 09:16,3x Swains Lane â˜€ï¸,Ride,,4301,21591.4,FALSE,,activities/1032837856.fit.gz
936629128,10/04/2017 18:02,Zwift,VirtualRide,,2276,20362.6,FALSE,,activities/1036858374.fit.gz
940285572,13/04/2017 11:19,OUCC bike bus loop,Ride,,4221,30744,FALSE,,activities/1040604545.fit.gz
943253148,15/04/2017 08:59,Warwick Metric,Ride,,18092,111710,FALSE,,activities/1043674094.fit.gz
953291936,22/04/2017 12:19,Dragon ride training - d1,Ride,,14305,83257.1,FALSE,,activities/1054017226.fit.gz
955314923,23/04/2017 07:49,Dragon ride training d2,Ride,,26411,127927,FALSE,,activities/1056134107.fit.gz
1021365931,04/06/2017 08:04,Col du Galibier,Ride,,30548,87523.2,FALSE,,activities/1124225504.fit.gz
1031327214,09/06/2017 07:41,Col d'Izoard,Ride,,24493,73595.4,FALSE,,activities/1134335429.fit.gz
1064323100,02/07/2017 10:23,Sunshine pub ride - The Old Chequers Inn,Ride,,21305,75026.1,FALSE,,activities/1168131226.fit.gz
1199135825,24/09/2017 08:20,Ridgeway tramp,Hike,,10179,14973.1,FALSE,,activities/1199135825.gpx
1203724425,27/09/2017 05:27,Morning walk,Walk,,3913,6004.1,FALSE,,activities/1203724425.gpx
1208452955,30/09/2017 08:21,Saturday morning across the fields,Hike,,12451,18014.2,FALSE,,activities/1208452955.gpx
1219338413,07/10/2017 08:57,Up SalÃ¨ve and back,Hike,"Walked back to central Geneva but must have pressed pause by accident.
Additional distance was 7.1 km making total 23.8 km.",24126,16772.6,FALSE,,activities/1219338413.gpx
1226304381,12/10/2017 05:33,Walk to work,Walk,,2621,4614.6,TRUE,,activities/1226304381.gpx
1229532585,14/10/2017 08:28,Stoke Goldington to Olney,Hike,,13404,16594.7,FALSE,,activities/1229532585.gpx
1231352162,15/10/2017 10:49,Family stroll,Walk,,5723,6580.4,FALSE,,activities/1231352162.gpx
1240075454,21/10/2017 08:22,"40 ft ditch to Olney, against Brian ðŸ’¨",Run,,10176,13381.1,FALSE,,activities/1240075454.gpx
1250309240,28/10/2017 08:46,40 ft ditch to Olney with loop,Run,,12900,17376.6,FALSE,,activities/1250309240.gpx
1298797228,02/12/2017 10:03,Morning walk,Walk,,6028,7853.6,FALSE,,activities/1298797228.gpx
1327740631,26/12/2017 10:52,Morning Walk,Walk,,7029,8082.5,FALSE,,activities/1327740631.gpx
1329231274,27/12/2017 15:02,Afternoon snow Walk,Walk,,3499,2364.5,FALSE,,activities/1329231274.gpx
1336346845,01/01/2018 14:21,NY day amble for fresh air,Walk,,2191,2043.3,FALSE,,activities/1444420219.fit.gz
1336346984,31/12/2017 11:17,Dartmoor NY eve walk,Walk,,13167,12625.2,FALSE,,activities/1444420332.fit.gz
1337196803,02/01/2018 10:44,Inkpen Dog walk,Walk,,7219,9826.6,FALSE,,activities/1337196803.gpx
1355218471,13/01/2018 09:43,20.9 miles LDWA social walk,Hike,,25827,26225.9,FALSE,,activities/1355218471.gpx
1377970893,27/01/2018 12:03,Laujar - to lunch and back,Walk,,15443,9836,FALSE,,activities/1377970893.gpx
1383025487,30/01/2018 08:09,Day 1 ski - Sierra Nevada,AlpineSki,,28044,62923.4,FALSE,,activities/1383025487.gpx
1384727975,31/01/2018 08:21,Ski day 2,AlpineSki,,25538,70122.8,FALSE,,activities/1384727975.gpx
1386357939,01/02/2018 08:34,Ski day 3,AlpineSki,,24746,58647.3,FALSE,,activities/1386357939.gpx
1387987950,02/02/2018 10:43,Amongst the almond blossom ,Walk,,21286,18238.8,FALSE,,activities/1387987950.gpx
1389736885,03/02/2018 11:55,Promenade to Belgian beers,Ride,,15483,20731.6,FALSE,,activities/1389736885.gpx
1402907561,11/02/2018 09:33,Welsh Winter Skills d2,Hike,,24396,7868.8,FALSE,,activities/1402907561.gpx
1425347805,25/02/2018 10:23,Wander with Pete,Walk,,7192,10247.3,FALSE,,activities/1425347805.gpx
1434308642,03/03/2018 09:43,LDWA - White Christmas in the Chilterns,Walk,,26442,26223.4,FALSE,,activities/1434308642.gpx
1447278853,11/03/2018 09:59,Walking Digger,Walk,,6956,9480.5,FALSE,,activities/1447278853.gpx
1457946944,17/03/2018 12:53,Einstein bday walk,Walk,,20775,18027.8,FALSE,,activities/1457946944.gpx
1469342392,24/03/2018 09:55,Wayfarers Way with mum and dad,Hike,,23564,24677.7,FALSE,,activities/1469342392.gpx
1481673696,31/03/2018 09:35,"Avoiding the floods with M, D and A",Hike,,15861,17827.7,FALSE,,activities/1481673696.gpx
1508036245,14/04/2018 07:33,"Snowdon- Pyg and Llanberis w/ E,C,Yvonne&Sarah",Walk,,26743,13505.5,FALSE,,activities/1508036245.gpx
1522448168,21/04/2018 08:47,To Chicheley in the warm,Hike,,22128,25377.3,FALSE,,activities/1522448168.gpx
1530807557,25/04/2018 11:31,Les Irvine relay ,Run,,512,1764.9,FALSE,,activities/1530807557.gpx
1538812048,29/04/2018 09:47,Pootle into Northamptonshire,Ride,,9720,31185.7,FALSE,,activities/1538812048.gpx
1551144171,05/05/2018 07:49,Nievole loop - making the most of a work trip to Florence,Hike,,22738,24568.4,FALSE,,activities/1551144171.gpx
1578394845,17/05/2018 16:07,White Horse loop from Swindon w/ADH,Ride,,5989,28060.7,FALSE,,activities/1578394845.gpx
1582121548,19/05/2018 09:54,"Canal side in the sun w/ E,C and Diggs",Walk,,18692,17101.3,FALSE,,activities/1582121548.gpx
1584725714,20/05/2018 11:12,Test Way and Brenda Parker Way w/P,Hike,,17546,19710.7,FALSE,,activities/1584725714.gpx
1601619012,28/05/2018 10:14,Great Milton- Oxfordshire,Walk,,15373,13333.5,FALSE,,activities/1601619012.gpx
1612372960,02/06/2018 09:35,Northamptonshire Round section from Yardley Hastings,Walk,,21461,21547.4,FALSE,,activities/1612372960.gpx
1626018169,08/06/2018 23:32,Test ride for the hire bikes,Ride,,4036,11240.6,FALSE,,activities/1626018169.gpx
1627715693,09/06/2018 12:57,Mellow Johnny's Scout-A-Route,Ride,,15032,44008,FALSE,,activities/1627715693.gpx
1638140268,14/06/2018 12:09,SPIE ride with Rick and ADH,Ride,,11207,42841.6,FALSE,,activities/1638140268.gpx
1674359743,01/07/2018 14:13,Cool wander in the woods,Walk,,3916,2322.7,FALSE,,activities/1674359743.gpx
1722865541,23/07/2018 17:59,Running... runnin... run... walk!,Run,,2102,5620.9,FALSE,,activities/1722865541.gpx
1733741659,28/07/2018 16:17,GG loop,Run,,2747,6254.7,FALSE,,activities/1733741659.gpx
1735754823,29/07/2018 12:55,Salcey loop - Horse trail,Walk,,5730,8357.1,FALSE,,activities/1735754823.gpx
1739995362,31/07/2018 11:38,Lunchtime chore ride to GoOutdoors,Ride,,5913,19847.4,FALSE,,activities/1866872483.fit.gz
1749642192,03/08/2018 08:10,Beacons Way d1,Hike,,35385,24887,FALSE,,activities/1877037848.fit.gz
1749642394,04/08/2018 07:47,Beacons Way d2,Hike,,35069,22523.3,FALSE,,activities/1877038020.fit.gz
1752359528,05/08/2018 07:53,Beacons Way d3,Hike,,29990,16313.7,FALSE,,activities/1880868944.fit.gz
1755909728,07/08/2018 11:12,Department Social Ride,Ride,,6133,21083.2,FALSE,,activities/1885126726.fit.gz
1771311855,14/08/2018 11:07,Lunch Ride,Ride,,4422,24586.8,FALSE,,activities/1901546428.fit.gz
1778177882,17/08/2018 11:15,A slave to Ben's pace,Ride,,3418,23727.9,FALSE,,activities/1908618599.fit.gz
1785802496,19/08/2018 16:08,BC -> Alexandra Palace,Ride,Found the FIT file from last night on my Garmin. Wouldn't upload directly through Garmin but was fine up onto strava (which is what counts!).,4794,22893.7,FALSE,,activities/1916503771.fit.gz
1787233094,21/08/2018 11:04,CEI group cycle,Ride,,4401,23943.3,FALSE,,activities/1917967028.fit.gz
1794065113,24/08/2018 11:12,Some hills with the wind for company,Ride,,3234,22805.4,FALSE,,activities/1924976838.fit.gz
1798178755,26/08/2018 08:43,Shenley roundhouse jail - there and back,Ride,,5733,33975.8,FALSE,,activities/1929223973.fit.gz
1800831074,27/08/2018 11:00,Warm but breezy walk,Walk,,11042,10634.1,FALSE,,activities/1800831074.gpx
1802803427,28/08/2018 11:04,Eversholt and Deer Park w/ Xiao and Andy,Ride,Testing the route - probably a bit long for the usual Tuesday rides...,5059,28468.7,FALSE,,activities/1933970597.fit.gz
1807421711,30/08/2018 11:12,Deer park - and ADH wanted fish and chips...,Ride,Rear derailleur cable has snapped so I only had the front rings to play with...,6405,28320.4,FALSE,,activities/1938702093.fit.gz
1812267522,01/09/2018 07:51,Wendover walk w/LDWA,Hike,,27282,26492.2,FALSE,,activities/1943669584.fit.gz
1814495155,02/09/2018 13:49,Errands,Walk,,2155,3203.6,FALSE,,activities/1814495155.gpx
1818538018,04/09/2018 11:07,SPS ride with a peloton of 8,Ride,No rear derailleur which made the hills a bit tough,4164,23633.7,FALSE,,activities/1950129643.fit.gz
1830351894,09/09/2018 12:25,Sunday ride - St Albans with SACCR 10km,Ride,,10927,66845.9,FALSE,,activities/1962302430.fit.gz
1834169316,11/09/2018 11:09,SPS Cranfield,Ride,,3744,24687.2,FALSE,,activities/1966236539.fit.gz
1845889913,16/09/2018 11:31,St Albans with SACCR 20 mile loop,Ride,,14744,86804.5,FALSE,,activities/1978313653.fit.gz
1856083776,21/09/2018 11:12,Tail wind my first time up Bow Brickhill,Ride,,3916,24156.4,FALSE,,activities/1988888308.fit.gz
1857892461,22/09/2018 09:27,On the Downs,Walk,,5821,6793.7,FALSE,,activities/1857892461.gpx
1860580749,23/09/2018 11:04,Linkenholt loop,Walk,,7015,8382.8,FALSE,,activities/1860580749.gpx
1864561385,25/09/2018 11:10,SPS ride with Calum and Jesper,Ride,,3635,24502.3,FALSE,,activities/1997686573.fit.gz
1870833325,28/09/2018 11:14,Effort up Brickhill and CDSA chat with ADH,Ride,,4614,19317.4,FALSE,,activities/2004128579.fit.gz
1873361409,29/09/2018 10:40,Metric century with SACCR 30 mile loop,Ride,,19107,100442,FALSE,,activities/2006739153.fit.gz
1879287976,02/10/2018 11:10,Thoroughly enjoyable deer park SPS social ride,Ride,,4157,28156.1,FALSE,,activities/2012927788.fit.gz
1885448669,05/10/2018 11:38,High cadence threshold ride,Ride,,2929,20230.1,FALSE,,activities/2019240913.fit.gz
1887838503,06/10/2018 09:47,Manifold trail to Thors Cave,Walk,,14420,14122.5,FALSE,,activities/1887838503.gpx
1890321693,07/10/2018 09:47,Wormhill,Walk,,20765,13965.6,FALSE,,activities/1890321693.gpx
1891943195,08/10/2018 09:58,Stanege Edge,Walk,,13545,10293.9,FALSE,,activities/1891943195.gpx
1893811475,09/10/2018 11:15,Sunny SPS Social,Ride,,4599,29234.4,FALSE,,activities/2027999365.fit.gz
1899829664,12/10/2018 11:24,Reverse deer park,Ride,,3900,28289.4,FALSE,,activities/2034194150.fit.gz
1908066332,16/10/2018 11:11,SPS social - warm October!,Ride,,3341,21444.3,FALSE,,activities/2042781102.fit.gz
1914265314,19/10/2018 13:13,Nip out to Combe Gibbet,Ride,,1359,6122.9,FALSE,,activities/2049160407.fit.gz
1916697358,20/10/2018 08:22,Dartmoor - Princetown to White Torr in glorious sunshine,Hike,,28456,20158.6,FALSE,,activities/2051672664.fit.gz
1918830040,21/10/2018 08:33,Torr loop,Hike,,20791,12239.2,FALSE,,activities/2053927586.fit.gz
1920574224,22/10/2018 11:23,Rob's leaving ride,Ride,,4050,29273.4,FALSE,,activities/2055745038.fit.gz
1922496343,23/10/2018 11:16,SPS lunch ride. Chilled until I caught Hoa's wheel up the V10!,Ride,,4415,24563.7,FALSE,,activities/2057730079.fit.gz
1933685729,28/10/2018 16:54,Stone Squaw Summit in 1 inch snow,Walk,,7888,4584.7,FALSE,,activities/1933685729.gpx
1938556803,31/10/2018 22:13,Tunnel Mountain,Hike,,5016,6500.6,FALSE,,activities/1938556803.gpx
1940411025,01/11/2018 17:16,Rockbound Lake w/ Steve and Frances,Hike,"Snowy, with lots of animal tracks!",20010,12638.3,FALSE,,activities/2076177133.fit.gz
1942315199,02/11/2018 19:01,Lake Louise and Fairview lookout,Walk,,11507,6162.7,FALSE,,activities/2078145793.fit.gz
1944292280,03/11/2018 16:43,Lake Minnewanka and Aylmer Lookout,Hike,,23657,21153.1,FALSE,,activities/2080193311.fit.gz
1969879392,17/11/2018 10:07,Real Ale Wobble 2018,Ride,First mountain biking experience,18989,33611.8,FALSE,,activities/2106526801.fit.gz
1971738805,18/11/2018 11:15,Group walk to Llewelyn's Cave,Walk,,6326,5440.1,FALSE,,activities/1971738805.gpx
2033200059,24/12/2018 11:15,Harold and Odel walk,Walk,"Paused activity halfway round- oops! 5.36 miles, 1:59.",7162,3981.4,FALSE,,activities/2033200059.gpx
2034653029,25/12/2018 10:42,Turvey pre-Turkey loop,Walk,,7055,8935.6,FALSE,,activities/2034653029.gpx
2036589706,26/12/2018 13:43,Hardmead Boxing Day,Walk,,6297,8464,FALSE,,activities/2036589706.gpx
2038428838,27/12/2018 14:20,Stoke Goldington,Walk,,4392,5485.4,FALSE,,activities/2038428838.gpx
2044461088,30/12/2018 11:27,Lord Hereford's Knob and other peaks 10 km,Walk,,4271,5707.3,FALSE,,activities/2044461088.gpx
2046584215,31/12/2018 11:11,Usk Reservoir loop,Walk,Phone always cuts out when it gets cold!,7860,9388.1,FALSE,,activities/2046584215.gpx
2050005828,01/01/2019 15:11,NYD loop to the roundabout,Walk,,5953,8599,FALSE,,activities/2050005828.gpx
2050168520,02/01/2019 10:39,Hay on Wye amble,Walk,,3906,3697.7,FALSE,,activities/2050168520.gpx
2056913917,05/01/2019 11:01,"Great Bedwin w/ Ed, Diggs and Josca",Walk,,4587,5788.9,FALSE,,activities/2056913917.gpx
2059706371,06/01/2019 10:57,Morning walk,Walk,,8805,11391.5,FALSE,,activities/2059706371.gpx
2091359063,19/01/2019 14:58,Emberton park lap,Walk,,4440,6327,FALSE,,activities/2091359063.gpx
2091783417,20/01/2019 12:17,Cranfield lap,Walk,,7641,8750.2,FALSE,,activities/2091783417.gpx
2107464434,27/01/2019 12:08,Lyon walk above the snow line ,Walk,13.2 km,10081,9076.4,FALSE,,activities/2107464434.gpx
2115426132,31/01/2019 08:26,Day 2- double Sarenne day,AlpineSki,,25532,69820.1,FALSE,,activities/2115426132.gpx
2116994596,01/02/2019 09:43,Wet snow: Chocolate chaud,AlpineSki,,7728,8280.7,FALSE,,activities/2116994596.gpx
2119259119,02/02/2019 08:23,"Day 4: perfect weather, perfect neige",AlpineSki,,23089,58931.6,FALSE,,activities/2119259119.gpx
2139213626,11/02/2019 10:43,Fish and chips in Cromer,Hike,,21787,16870,FALSE,,activities/2139213626.gpx
2185758451,02/03/2019 11:11,Linkenholt loop,Hike,,5867,8439.3,FALSE,,activities/2185758451.gpx
2189528075,03/03/2019 10:12,Not as wet as you might have expected,Hike,,6887,9582.4,FALSE,,activities/2189528075.gpx
